<?xml version="1.0"?>
<config xmlns:xsi="http://www.w3.org/2001/XMLSchema-instance" xsi:noNamespaceSchemaLocation="../../../Config/etc/system_file.xsd">
    <system>
        <tab id="productdiscount" translate="label" sortOrder="100">
            <label>Solwin Reward Point</label>
        </tab>
        <section id="productdiscount_section" translate="label" type="text" sortOrder="100" showInDefault="1" showInWebsite="1" showInStore="1">
            <label>Configuration</label>
            <tab>productdiscount</tab>
            <resource>Solwin_Productdiscount::productdiscount_config</resource>
            <group id="general" translate="label" type="text" sortOrder="10" showInDefault="1" showInWebsite="1" showInStore="1">
                <label>General</label>
                <field id="enable" translate="label" type="select" sortOrder="5" showInDefault="1" showInWebsite="1" showInStore="1">
                    <label>Enable Reward Point</label>
                    <source_model>Magento\Config\Model\Config\Source\Yesno</source_model>
                </field>
            </group>
			
			<group id="rewardpointformfield" translate="label" type="text" sortOrder="40" showInDefault="1" showInWebsite="1" showInStore="1">
                <label>Reward Point Setting</label>
				<field id="onerewardpoint" translate="label" type="text" sortOrder="10" showInDefault="1" showInWebsite="1" showInStore="1">
                    <label>1 Reward Point Equal To (Ammount)</label>
					<validate>required-entry validate-number</validate>
                </field>
            </group>
			
        </section>
    </system>
</config>