<?xml version="1.0"?>
<config xmlns:xsi="http://www.w3.org/2001/XMLSchema-instance" xsi:noNamespaceSchemaLocation="urn:magento:framework:ObjectManager/etc/config.xsd">  
	<virtualType name="Solwin\Productdiscount\Model\ResourceModel\Productdiscount\Productdiscount\Collection" type="Magento\Framework\View\Element\UiComponent\DataProvider\SearchResult">
        <arguments>
            <argument name="mainTable" xsi:type="string">solwin_rewardpoint_record</argument>
            <argument name="resourceModel" xsi:type="string">Solwin\Productdiscount\Model\ResourceModel\Productdiscount</argument>
        </arguments>
    </virtualType>
    <type name="Magento\Framework\View\Element\UiComponent\DataProvider\CollectionFactory">
        <arguments>
            <argument name="collections" xsi:type="array">
                <!--data provider name which used in grid ui component file -->
                <item name="productdiscount_record_productdiscount_list_data_source" xsi:type="string">Solwin\Productdiscount\Model\ResourceModel\Productdiscount\Productdiscount\Collection</item>
            </argument>
        </arguments>
    </type>
</config>
